{
   "id0": {
      "temp": 22.24390147110098, 
      "pres": 986.5497577227874, 
      "hum": 57.93304628751281
   }, 
   "id1": {
      "temp": 22.24390147110098, 
      "pres": 986.5497577227874, 
      "hum": 57.93304628751281
   }, 
   "id2": {
      "temp": 22.24390147110098, 
      "pres": 986.5497577227874, 
      "hum": 57.93304628751281
   }
}
