{
   "id0": {
      "temp": 22.68468224166427, 
      "pres": 992.4395533106192, 
      "hum": 45.419419958750694
   }
}{
   "id1": {
      "temp": 22.68468224166427, 
      "pres": 992.3578262109619, 
      "hum": 48.19868488980366
   }
}{
   "id2": {
      "temp": 22.68468224166427, 
      "pres": 992.3850685591971, 
      "hum": 45.66214466607108
   }
}
